{"cameraMode":{"drawMode":0,"name":"Shaded","section":"Shading Mode"},"sceneLighting":true,"audioPlay":false,"sceneViewState":{"m_AlwaysRefresh":false,"showFog":true,"showSkybox":true,"showFlares":true,"showImageEffects":true,"showParticleSystems":true,"showVisualEffectGraphs":true,"m_FxEnabled":true},"in2DMode":false,"pivot":{"x":-1.5535252094268799,"y":1.0000804662704468,"z":0.3480396270751953},"rotation":{"x":-0.11945530772209168,"y":0.5205822587013245,"z":-0.07409542053937912,"w":-0.8424544334411621},"size":0.9021347761154175,"orthographic":false}