{"cameraMode":{"drawMode":0,"name":"Shaded","section":"Shading Mode"},"sceneLighting":false,"audioPlay":false,"sceneViewState":{"m_AlwaysRefresh":false,"showFog":true,"showSkybox":false,"showFlares":true,"showImageEffects":true,"showParticleSystems":true,"showVisualEffectGraphs":true,"m_FxEnabled":true},"in2DMode":false,"pivot":{"x":0.01624079793691635,"y":0.0843573659658432,"z":-0.009762488305568695},"rotation":{"x":-0.28055694699287417,"y":0.336442232131958,"z":-0.10680067539215088,"w":-0.8928920030593872},"size":0.3019866943359375,"orthographic":false}